id;code;odometer;result;photo;photo_content_type;completed
1;aboard deserted;17061;near posture;../fake-data/blob/hipster.png;image/png;2023-12-14T04:26:18
2;flog;7391;less;../fake-data/blob/hipster.png;image/png;2023-12-14T05:45:37
3;hmph each wherever;3350;webbed drat plaintiff;../fake-data/blob/hipster.png;image/png;2023-12-14T02:00:30
4;loftily early parallel;20633;betake apud cub;../fake-data/blob/hipster.png;image/png;2023-12-14T03:14:33
5;anenst;19618;whoa;../fake-data/blob/hipster.png;image/png;2023-12-14T06:51:48
6;scare;19595;while playroom whose;../fake-data/blob/hipster.png;image/png;2023-12-13T15:13:05
7;frenetically valiantly pfft;5698;bicker fair hence;../fake-data/blob/hipster.png;image/png;2023-12-14T02:54:26
8;skate psst for;14903;louse than;../fake-data/blob/hipster.png;image/png;2023-12-13T17:47:12
9;absent zany;32188;incidentally reproachfully;../fake-data/blob/hipster.png;image/png;2023-12-14T02:37:05
10;legalize;28906;because restoration;../fake-data/blob/hipster.png;image/png;2023-12-13T16:05:55
